grid_height,grid_width,obs_radius,episode,coverage_time,total_reward,final_coverage
25,25,1,1,2500,129,0.2096
25,25,1,2,2500,142,0.2304
25,25,1,3,2500,141,0.2288
25,25,1,4,2500,158,0.256
25,25,1,5,2500,164,0.2656
25,25,1,6,2500,167,0.2704
25,25,1,7,2500,161,0.2608
25,25,1,8,2500,149,0.2416
25,25,1,9,2500,161,0.2608
25,25,1,10,2500,160,0.2592
25,25,1,11,2500,167,0.2704
25,25,1,12,2500,156,0.2528
25,25,1,13,2500,165,0.2672
25,25,1,14,2500,169,0.2736
25,25,1,15,2500,177,0.2864
25,25,1,16,2500,167,0.2704
25,25,1,17,2500,186,0.3008
25,25,1,18,2500,175,0.2832
25,25,1,19,2500,186,0.3008
25,25,1,20,2500,143,0.232
25,25,1,21,2500,192,0.3104
25,25,1,22,2500,183,0.296
25,25,1,23,2500,170,0.2752
25,25,1,24,2500,167,0.2704
25,25,1,25,2500,157,0.2544
25,25,1,26,2500,206,0.3328
25,25,1,27,2500,161,0.2608
25,25,1,28,2500,177,0.2864
25,25,1,29,2500,164,0.2656
25,25,1,30,2500,177,0.2864
25,25,1,31,2500,179,0.2896
25,25,1,32,2500,188,0.304
25,25,1,33,2500,183,0.296
25,25,1,34,2500,172,0.2784
25,25,1,35,2500,189,0.3056
25,25,1,36,2500,215,0.3472
25,25,1,37,2500,185,0.2992
25,25,1,38,2500,191,0.3088
25,25,1,39,2500,218,0.352
25,25,1,40,2500,185,0.2992
25,25,1,41,2500,203,0.328
25,25,1,42,2500,210,0.3392
25,25,1,43,2500,209,0.3376
25,25,1,44,2500,213,0.344
25,25,1,45,2500,186,0.3008
25,25,1,46,2500,187,0.3024
25,25,1,47,2500,192,0.3104
25,25,1,48,2500,195,0.3152
25,25,1,49,2500,220,0.3552
25,25,1,50,2500,216,0.3488
25,25,1,51,2500,208,0.336
25,25,1,52,2500,201,0.3248
25,25,1,53,2500,216,0.3488
25,25,1,54,2500,202,0.3264
25,25,1,55,2500,214,0.3456
25,25,1,56,2500,215,0.3472
25,25,1,57,2500,202,0.3264
25,25,1,58,2500,199,0.3216
25,25,1,59,2500,216,0.3488
25,25,1,60,2500,192,0.3104
25,25,1,61,2500,193,0.312
25,25,1,62,2500,207,0.3344
25,25,1,63,2500,227,0.3664
25,25,1,64,2500,234,0.3776
25,25,1,65,2500,209,0.3376
25,25,1,66,2500,207,0.3344
25,25,1,67,2500,223,0.36
25,25,1,68,2500,214,0.3456
25,25,1,69,2500,211,0.3408
25,25,1,70,2500,204,0.3296
25,25,1,71,2500,218,0.352
25,25,1,72,2500,215,0.3472
25,25,1,73,2500,215,0.3472
25,25,1,74,2500,218,0.352
25,25,1,75,2500,218,0.352
25,25,1,76,2500,198,0.32
25,25,1,77,2500,234,0.3776
25,25,1,78,2500,194,0.3136
25,25,1,79,2500,213,0.344
25,25,1,80,2500,204,0.3296
25,25,1,81,2500,223,0.36
25,25,1,82,2500,215,0.3472
25,25,1,83,2500,236,0.3808
25,25,1,84,2500,230,0.3712
25,25,1,85,2500,219,0.3536
25,25,1,86,2500,235,0.3792
25,25,1,87,2500,224,0.3616
25,25,1,88,2500,218,0.352
25,25,1,89,2500,185,0.2992
25,25,1,90,2500,216,0.3488
25,25,1,91,2500,208,0.336
25,25,1,92,2500,225,0.3632
25,25,1,93,2500,208,0.336
25,25,1,94,2500,201,0.3248
25,25,1,95,2500,236,0.3808
25,25,1,96,2500,226,0.3648
25,25,1,97,2500,205,0.3312
25,25,1,98,2500,215,0.3472
25,25,1,99,2500,228,0.368
25,25,1,100,2500,221,0.3568
25,25,1,101,2500,230,0.3712
25,25,1,102,2500,225,0.3632
25,25,1,103,2500,225,0.3632
25,25,1,104,2500,239,0.3856
25,25,1,105,2500,242,0.3904
25,25,1,106,2500,230,0.3712
25,25,1,107,2500,244,0.3936
25,25,1,108,2500,224,0.3616
25,25,1,109,2500,226,0.3648
25,25,1,110,2500,221,0.3568
25,25,1,111,2500,235,0.3792
25,25,1,112,2500,164,0.2656
25,25,1,113,2500,222,0.3584
25,25,1,114,2500,193,0.312
25,25,1,115,2500,233,0.376
25,25,1,116,2500,236,0.3808
25,25,1,117,2500,217,0.3504
25,25,1,118,2500,257,0.4144
25,25,1,119,2500,221,0.3568
25,25,1,120,2500,220,0.3552
25,25,1,121,2500,224,0.3616
25,25,1,122,2500,264,0.4256
25,25,1,123,2500,267,0.4304
25,25,1,124,2500,204,0.3296
25,25,1,125,2500,221,0.3568
25,25,1,126,2500,242,0.3904
25,25,1,127,2500,230,0.3712
25,25,1,128,2500,237,0.3824
25,25,1,129,2500,228,0.368
25,25,1,130,2500,225,0.3632
25,25,1,131,2500,260,0.4192
25,25,1,132,2500,251,0.4048
25,25,1,133,2500,224,0.3616
25,25,1,134,2500,257,0.4144
25,25,1,135,2500,278,0.448
25,25,1,136,2500,265,0.4272
25,25,1,137,2500,233,0.376
25,25,1,138,2500,238,0.384
25,25,1,139,2500,204,0.3296
25,25,1,140,2500,221,0.3568
25,25,1,141,2500,224,0.3616
25,25,1,142,2500,246,0.3968
25,25,1,143,2500,245,0.3952
25,25,1,144,2500,270,0.4352
25,25,1,145,2500,228,0.368
25,25,1,146,2500,222,0.3584
25,25,1,147,2500,229,0.3696
25,25,1,148,2500,244,0.3936
25,25,1,149,2500,243,0.392
25,25,1,150,2500,218,0.352
25,25,1,151,2500,226,0.3648
25,25,1,152,2500,247,0.3984
25,25,1,153,2500,214,0.3456
25,25,1,154,2500,264,0.4256
25,25,1,155,2500,251,0.4048
25,25,1,156,2500,259,0.4176
25,25,1,157,2500,236,0.3808
25,25,1,158,2500,256,0.4128
25,25,1,159,2500,269,0.4336
25,25,1,160,2500,259,0.4176
25,25,1,161,2500,236,0.3808
25,25,1,162,2500,263,0.424
25,25,1,163,2500,252,0.4064
25,25,1,164,2500,246,0.3968
25,25,1,165,2500,270,0.4352
25,25,1,166,2500,271,0.4368
25,25,1,167,2500,211,0.3408
25,25,1,168,2500,235,0.3792
25,25,1,169,2500,238,0.384
25,25,1,170,2500,225,0.3632
25,25,1,171,2500,231,0.3728
25,25,1,172,2500,265,0.4272
25,25,1,173,2500,238,0.384
25,25,1,174,2500,248,0.4
25,25,1,175,2500,272,0.4384
25,25,1,176,2500,248,0.4
25,25,1,177,2500,260,0.4192
25,25,1,178,2500,252,0.4064
25,25,1,179,2500,251,0.4048
25,25,1,180,2500,271,0.4368
25,25,1,181,2500,243,0.392
25,25,1,182,2500,265,0.4272
25,25,1,183,2500,266,0.4288
25,25,1,184,2500,232,0.3744
25,25,1,185,2500,276,0.4448
25,25,1,186,2500,251,0.4048
25,25,1,187,2500,270,0.4352
25,25,1,188,2500,276,0.4448
25,25,1,189,2500,259,0.4176
25,25,1,190,2500,242,0.3904
25,25,1,191,2500,268,0.432
25,25,1,192,2500,247,0.3984
25,25,1,193,2500,259,0.4176
25,25,1,194,2500,257,0.4144
25,25,1,195,2500,253,0.408
25,25,1,196,2500,249,0.4016
25,25,1,197,2500,245,0.3952
25,25,1,198,2500,245,0.3952
25,25,1,199,2500,276,0.4448
25,25,1,200,2500,260,0.4192
25,25,1,201,2500,265,0.4272
25,25,1,202,2500,269,0.4336
25,25,1,203,2500,263,0.424
25,25,1,204,2500,263,0.424
25,25,1,205,2500,236,0.3808
25,25,1,206,2500,252,0.4064
25,25,1,207,2500,270,0.4352
25,25,1,208,2500,238,0.384
25,25,1,209,2500,269,0.4336
25,25,1,210,2500,265,0.4272
25,25,1,211,2500,245,0.3952
25,25,1,212,2500,290,0.4672
25,25,1,213,2500,262,0.4224
25,25,1,214,2500,248,0.4
25,25,1,215,2500,270,0.4352
25,25,1,216,2500,284,0.4576
25,25,1,217,2500,277,0.4464
25,25,1,218,2500,253,0.408
25,25,1,219,2500,255,0.4112
25,25,1,220,2500,286,0.4608
25,25,1,221,2500,260,0.4192
25,25,1,222,2500,281,0.4528
25,25,1,223,2500,288,0.464
25,25,1,224,2500,257,0.4144
25,25,1,225,2500,278,0.448
25,25,1,226,2500,282,0.4544
25,25,1,227,2500,261,0.4208
25,25,1,228,2500,233,0.376
25,25,1,229,2500,276,0.4448
25,25,1,230,2500,257,0.4144
25,25,1,231,2500,257,0.4144
25,25,1,232,2500,301,0.4848
25,25,1,233,2500,265,0.4272
25,25,1,234,2500,264,0.4256
25,25,1,235,2500,249,0.4016
25,25,1,236,2500,226,0.3648
25,25,1,237,2500,299,0.4816
25,25,1,238,2500,252,0.4064
25,25,1,239,2500,264,0.4256
25,25,1,240,2500,270,0.4352
25,25,1,241,2500,284,0.4576
25,25,1,242,2500,226,0.3648
25,25,1,243,2500,259,0.4176
25,25,1,244,2500,239,0.3856
25,25,1,245,2500,247,0.3984
25,25,1,246,2500,271,0.4368
25,25,1,247,2500,237,0.3824
25,25,1,248,2500,284,0.4576
25,25,1,249,2500,294,0.4736
25,25,1,250,2500,260,0.4192
25,25,1,251,2500,270,0.4352
25,25,1,252,2500,279,0.4496
25,25,1,253,2500,281,0.4528
25,25,1,254,2500,278,0.448
25,25,1,255,2500,267,0.4304
25,25,1,256,2500,288,0.464
25,25,1,257,2500,264,0.4256
25,25,1,258,2500,281,0.4528
25,25,1,259,2500,282,0.4544
25,25,1,260,2500,281,0.4528
25,25,1,261,2500,294,0.4736
25,25,1,262,2500,271,0.4368
25,25,1,263,2500,273,0.44
25,25,1,264,2500,249,0.4016
25,25,1,265,2500,292,0.4704
25,25,1,266,2500,253,0.408
25,25,1,267,2500,234,0.3776
25,25,1,268,2500,265,0.4272
25,25,1,269,2500,276,0.4448
25,25,1,270,2500,270,0.4352
25,25,1,271,2500,300,0.4832
25,25,1,272,2500,242,0.3904
25,25,1,273,2500,235,0.3792
25,25,1,274,2500,271,0.4368
25,25,1,275,2500,277,0.4464
25,25,1,276,2500,265,0.4272
25,25,1,277,2500,278,0.448
25,25,1,278,2500,290,0.4672
25,25,1,279,2500,282,0.4544
25,25,1,280,2500,286,0.4608
25,25,1,281,2500,279,0.4496
25,25,1,282,2500,289,0.4656
25,25,1,283,2500,266,0.4288
25,25,1,284,2500,279,0.4496
25,25,1,285,2500,266,0.4288
25,25,1,286,2500,249,0.4016
25,25,1,287,2500,280,0.4512
25,25,1,288,2500,307,0.4944
25,25,1,289,2500,255,0.4112
25,25,1,290,2500,264,0.4256
25,25,1,291,2500,286,0.4608
25,25,1,292,2500,297,0.4784
25,25,1,293,2500,283,0.456
25,25,1,294,2500,287,0.4624
25,25,1,295,2500,282,0.4544
25,25,1,296,2500,283,0.456
25,25,1,297,2500,282,0.4544
25,25,1,298,2500,283,0.456
25,25,1,299,2500,290,0.4672
25,25,1,300,2500,278,0.448
25,25,1,301,2500,288,0.464
25,25,1,302,2500,305,0.4912
25,25,1,303,2500,301,0.4848
25,25,1,304,2500,289,0.4656
25,25,1,305,2500,286,0.4608
25,25,1,306,2500,295,0.4752
25,25,1,307,2500,242,0.3904
25,25,1,308,2500,301,0.4848
25,25,1,309,2500,290,0.4672
25,25,1,310,2500,289,0.4656
25,25,1,311,2500,270,0.4352
25,25,1,312,2500,300,0.4832
25,25,1,313,2500,318,0.512
25,25,1,314,2500,282,0.4544
25,25,1,315,2500,275,0.4432
25,25,1,316,2500,298,0.48
25,25,1,317,2500,306,0.4928
25,25,1,318,2500,293,0.472
25,25,1,319,2500,292,0.4704
25,25,1,320,2500,301,0.4848
25,25,1,321,2500,300,0.4832
25,25,1,322,2500,319,0.5136
25,25,1,323,2500,300,0.4832
25,25,1,324,2500,277,0.4464
25,25,1,325,2500,302,0.4864
25,25,1,326,2500,248,0.4
25,25,1,327,2500,294,0.4736
25,25,1,328,2500,298,0.48
25,25,1,329,2500,317,0.5104
25,25,1,330,2500,303,0.488
25,25,1,331,2500,295,0.4752
25,25,1,332,2500,291,0.4688
25,25,1,333,2500,315,0.5072
25,25,1,334,2500,316,0.5088
25,25,1,335,2500,269,0.4336
25,25,1,336,2500,240,0.3872
25,25,1,337,2500,303,0.488
25,25,1,338,2500,295,0.4752
25,25,1,339,2500,301,0.4848
25,25,1,340,2500,285,0.4592
25,25,1,341,2500,280,0.4512
25,25,1,342,2500,289,0.4656
25,25,1,343,2500,296,0.4768
25,25,1,344,2500,269,0.4336
25,25,1,345,2500,284,0.4576
25,25,1,346,2500,307,0.4944
25,25,1,347,2500,305,0.4912
25,25,1,348,2500,310,0.4992
25,25,1,349,2500,286,0.4608
25,25,1,350,2500,311,0.5008
25,25,1,351,2500,297,0.4784
25,25,1,352,2500,333,0.536
25,25,1,353,2500,315,0.5072
25,25,1,354,2500,301,0.4848
25,25,1,355,2500,275,0.4432
25,25,1,356,2500,287,0.4624
25,25,1,357,2500,289,0.4656
25,25,1,358,2500,311,0.5008
25,25,1,359,2500,310,0.4992
25,25,1,360,2500,303,0.488
25,25,1,361,2500,296,0.4768
25,25,1,362,2500,317,0.5104
25,25,1,363,2500,312,0.5024
25,25,1,364,2500,289,0.4656
25,25,1,365,2500,304,0.4896
25,25,1,366,2500,287,0.4624
25,25,1,367,2500,259,0.4176
25,25,1,368,2500,289,0.4656
25,25,1,369,2500,311,0.5008
25,25,1,370,2500,266,0.4288
25,25,1,371,2500,317,0.5104
25,25,1,372,2500,312,0.5024
25,25,1,373,2500,324,0.5216
25,25,1,374,2500,290,0.4672
25,25,1,375,2500,306,0.4928
25,25,1,376,2500,327,0.5264
25,25,1,377,2500,311,0.5008
25,25,1,378,2500,314,0.5056
25,25,1,379,2500,297,0.4784
25,25,1,380,2500,332,0.5344
25,25,1,381,2500,291,0.4688
25,25,1,382,2500,308,0.496
25,25,1,383,2500,333,0.536
25,25,1,384,2500,321,0.5168
25,25,1,385,2500,300,0.4832
25,25,1,386,2500,310,0.4992
25,25,1,387,2500,329,0.5296
25,25,1,388,2500,321,0.5168
25,25,1,389,2500,343,0.552
25,25,1,390,2500,316,0.5088
25,25,1,391,2500,284,0.4576
25,25,1,392,2500,285,0.4592
25,25,1,393,2500,308,0.496
25,25,1,394,2500,310,0.4992
25,25,1,395,2500,314,0.5056
25,25,1,396,2500,330,0.5312
25,25,1,397,2500,305,0.4912
25,25,1,398,2500,300,0.4832
25,25,1,399,2500,315,0.5072
25,25,1,400,2500,304,0.4896
25,25,1,401,2500,328,0.528
25,25,1,402,2500,332,0.5344
25,25,1,403,2500,297,0.4784
25,25,1,404,2500,306,0.4928
25,25,1,405,2500,342,0.5504
25,25,1,406,2500,354,0.5696
25,25,1,407,2500,316,0.5088
25,25,1,408,2500,316,0.5088
25,25,1,409,2500,311,0.5008
25,25,1,410,2500,307,0.4944
25,25,1,411,2500,344,0.5536
25,25,1,412,2500,314,0.5056
25,25,1,413,2500,310,0.4992
25,25,1,414,2500,316,0.5088
25,25,1,415,2500,274,0.4416
25,25,1,416,2500,307,0.4944
25,25,1,417,2500,308,0.496
25,25,1,418,2500,339,0.5456
25,25,1,419,2500,293,0.472
25,25,1,420,2500,334,0.5376
25,25,1,421,2500,339,0.5456
25,25,1,422,2500,318,0.512
25,25,1,423,2500,293,0.472
25,25,1,424,2500,333,0.536
25,25,1,425,2500,302,0.4864
25,25,1,426,2500,329,0.5296
25,25,1,427,2500,315,0.5072
25,25,1,428,2500,295,0.4752
25,25,1,429,2500,327,0.5264
25,25,1,430,2500,319,0.5136
25,25,1,431,2500,316,0.5088
25,25,1,432,2500,308,0.496
25,25,1,433,2500,247,0.3984
25,25,1,434,2500,175,0.2832
25,25,1,435,2500,240,0.3872
25,25,1,436,2500,336,0.5408
25,25,1,437,2500,324,0.5216
25,25,1,438,2500,270,0.4352
25,25,1,439,2500,213,0.344
25,25,1,440,2500,299,0.4816
25,25,1,441,2500,239,0.3856
25,25,1,442,2500,211,0.3408
25,25,1,443,2500,321,0.5168
25,25,1,444,2500,315,0.5072
25,25,1,445,2500,245,0.3952
25,25,1,446,2500,335,0.5392
25,25,1,447,2500,332,0.5344
25,25,1,448,2500,329,0.5296
25,25,1,449,2500,336,0.5408
25,25,1,450,2500,314,0.5056
25,25,1,451,2500,323,0.52
25,25,1,452,2500,317,0.5104
25,25,1,453,2500,322,0.5184
25,25,1,454,2500,298,0.48
25,25,1,455,2500,320,0.5152
25,25,1,456,2500,289,0.4656
25,25,1,457,2500,320,0.5152
25,25,1,458,2500,334,0.5376
25,25,1,459,2500,320,0.5152
25,25,1,460,2500,304,0.4896
25,25,1,461,2500,316,0.5088
25,25,1,462,2500,323,0.52
25,25,1,463,2500,305,0.4912
25,25,1,464,2500,324,0.5216
25,25,1,465,2500,268,0.432
25,25,1,466,2500,299,0.4816
25,25,1,467,2500,303,0.488
25,25,1,468,2500,318,0.512
25,25,1,469,2500,324,0.5216
25,25,1,470,2500,320,0.5152
25,25,1,471,2500,320,0.5152
25,25,1,472,2500,316,0.5088
25,25,1,473,2500,299,0.4816
25,25,1,474,2500,324,0.5216
25,25,1,475,2500,329,0.5296
25,25,1,476,2500,308,0.496
25,25,1,477,2500,302,0.4864
25,25,1,478,2500,328,0.528
25,25,1,479,2500,314,0.5056
25,25,1,480,2500,332,0.5344
25,25,1,481,2500,357,0.5744
25,25,1,482,2500,336,0.5408
25,25,1,483,2500,306,0.4928
25,25,1,484,2500,314,0.5056
25,25,1,485,2500,321,0.5168
25,25,1,486,2500,293,0.472
25,25,1,487,2500,314,0.5056
25,25,1,488,2500,308,0.496
25,25,1,489,2500,338,0.544
25,25,1,490,2500,332,0.5344
25,25,1,491,2500,281,0.4528
25,25,1,492,2500,339,0.5456
25,25,1,493,2500,314,0.5056
25,25,1,494,2500,309,0.4976
25,25,1,495,2500,341,0.5488
25,25,1,496,2500,349,0.5616
25,25,1,497,2500,312,0.5024
25,25,1,498,2500,347,0.5584
25,25,1,499,2500,350,0.5632
25,25,1,500,2500,317,0.5104
25,25,1,501,2500,330,0.5312
25,25,1,502,2500,337,0.5424
25,25,1,503,2500,348,0.56
25,25,1,504,2500,298,0.48
25,25,1,505,2500,299,0.4816
25,25,1,506,2500,339,0.5456
25,25,1,507,2500,320,0.5152
25,25,1,508,2500,313,0.504
25,25,1,509,2500,340,0.5472
25,25,1,510,2500,320,0.5152
25,25,1,511,2500,328,0.528
25,25,1,512,2500,324,0.5216
25,25,1,513,2500,354,0.5696
25,25,1,514,2500,320,0.5152
25,25,1,515,2500,336,0.5408
25,25,1,516,2500,348,0.56
25,25,1,517,2500,330,0.5312
25,25,1,518,2500,347,0.5584
25,25,1,519,2500,342,0.5504
25,25,1,520,2500,350,0.5632
25,25,1,521,2500,348,0.56
25,25,1,522,2500,310,0.4992
25,25,1,523,2500,376,0.6048
25,25,1,524,2500,353,0.568
25,25,1,525,2500,355,0.5712
25,25,1,526,2500,333,0.536
25,25,1,527,2500,354,0.5696
25,25,1,528,2500,336,0.5408
25,25,1,529,2500,351,0.5648
25,25,1,530,2500,328,0.528
25,25,1,531,2500,354,0.5696
25,25,1,532,2500,320,0.5152
25,25,1,533,2500,348,0.56
25,25,1,534,2500,354,0.5696
25,25,1,535,2500,334,0.5376
25,25,1,536,2500,323,0.52
25,25,1,537,2500,334,0.5376
25,25,1,538,2500,359,0.5776
25,25,1,539,2500,339,0.5456
25,25,1,540,2500,363,0.584
25,25,1,541,2500,364,0.5856
25,25,1,542,2500,334,0.5376
25,25,1,543,2500,319,0.5136
25,25,1,544,2500,307,0.4944
25,25,1,545,2500,337,0.5424
25,25,1,546,2500,318,0.512
25,25,1,547,2500,352,0.5664
25,25,1,548,2500,359,0.5776
25,25,1,549,2500,346,0.5568
25,25,1,550,2500,363,0.584
25,25,1,551,2500,360,0.5792
25,25,1,552,2500,368,0.592
25,25,1,553,2500,327,0.5264
25,25,1,554,2500,356,0.5728
25,25,1,555,2500,317,0.5104
25,25,1,556,2500,354,0.5696
25,25,1,557,2500,351,0.5648
25,25,1,558,2500,333,0.536
25,25,1,559,2500,308,0.496
25,25,1,560,2500,241,0.3888
25,25,1,561,2500,227,0.3664
25,25,1,562,2500,253,0.408
25,25,1,563,2500,288,0.464
25,25,1,564,2500,274,0.4416
25,25,1,565,2500,318,0.512
25,25,1,566,2500,333,0.536
25,25,1,567,2500,335,0.5392
25,25,1,568,2500,351,0.5648
25,25,1,569,2500,333,0.536
25,25,1,570,2500,337,0.5424
25,25,1,571,2500,305,0.4912
25,25,1,572,2500,319,0.5136
25,25,1,573,2500,332,0.5344
25,25,1,574,2500,345,0.5552
25,25,1,575,2500,322,0.5184
25,25,1,576,2500,333,0.536
25,25,1,577,2500,333,0.536
25,25,1,578,2500,334,0.5376
25,25,1,579,2500,370,0.5952
25,25,1,580,2500,361,0.5808
25,25,1,581,2500,369,0.5936
25,25,1,582,2500,374,0.6016
25,25,1,583,2500,348,0.56
25,25,1,584,2500,359,0.5776
25,25,1,585,2500,355,0.5712
25,25,1,586,2500,367,0.5904
25,25,1,587,2500,330,0.5312
25,25,1,588,2500,316,0.5088
25,25,1,589,2500,346,0.5568
25,25,1,590,2500,357,0.5744
25,25,1,591,2500,357,0.5744
25,25,1,592,2500,333,0.536
25,25,1,593,2500,356,0.5728
25,25,1,594,2500,366,0.5888
25,25,1,595,2500,338,0.544
25,25,1,596,2500,313,0.504
25,25,1,597,2500,321,0.5168
25,25,1,598,2500,318,0.512
25,25,1,599,2500,310,0.4992
25,25,1,600,2500,339,0.5456
25,25,1,601,2500,356,0.5728
25,25,1,602,2500,359,0.5776
25,25,1,603,2500,362,0.5824
25,25,1,604,2500,358,0.576
25,25,1,605,2500,363,0.584
25,25,1,606,2500,384,0.6176
25,25,1,607,2500,379,0.6096
25,25,1,608,2500,369,0.5936
25,25,1,609,2500,318,0.512
25,25,1,610,2500,353,0.568
25,25,1,611,2500,318,0.512
25,25,1,612,2500,335,0.5392
25,25,1,613,2500,338,0.544
25,25,1,614,2500,337,0.5424
25,25,1,615,2500,383,0.616
25,25,1,616,2500,258,0.416
25,25,1,617,2500,344,0.5536
25,25,1,618,2500,378,0.608
25,25,1,619,2500,370,0.5952
25,25,1,620,2500,366,0.5888
25,25,1,621,2500,355,0.5712
25,25,1,622,2500,359,0.5776
25,25,1,623,2500,371,0.5968
25,25,1,624,2500,320,0.5152
25,25,1,625,2500,323,0.52
25,25,1,626,2500,367,0.5904
25,25,1,627,2500,392,0.6304
25,25,1,628,2500,395,0.6352
25,25,1,629,2500,393,0.632
25,25,1,630,2500,370,0.5952
25,25,1,631,2500,300,0.4832
25,25,1,632,2500,373,0.6
25,25,1,633,2500,383,0.616
25,25,1,634,2500,379,0.6096
25,25,1,635,2500,382,0.6144
25,25,1,636,2500,369,0.5936
25,25,1,637,2500,357,0.5744
25,25,1,638,2500,319,0.5136
25,25,1,639,2500,218,0.352
25,25,1,640,2500,352,0.5664
25,25,1,641,2500,345,0.5552
25,25,1,642,2500,308,0.496
25,25,1,643,2500,334,0.5376
25,25,1,644,2500,339,0.5456
25,25,1,645,2500,315,0.5072
25,25,1,646,2500,375,0.6032
25,25,1,647,2500,347,0.5584
25,25,1,648,2500,321,0.5168
25,25,1,649,2500,313,0.504
25,25,1,650,2500,336,0.5408
25,25,1,651,2500,345,0.5552
25,25,1,652,2500,398,0.64
25,25,1,653,2500,363,0.584
25,25,1,654,2500,379,0.6096
25,25,1,655,2500,394,0.6336
25,25,1,656,2500,382,0.6144
25,25,1,657,2500,344,0.5536
25,25,1,658,2500,361,0.5808
25,25,1,659,2500,369,0.5936
25,25,1,660,2500,349,0.5616
25,25,1,661,2500,366,0.5888
25,25,1,662,2500,338,0.544
25,25,1,663,2500,294,0.4736
25,25,1,664,2500,349,0.5616
25,25,1,665,2500,392,0.6304
25,25,1,666,2500,342,0.5504
25,25,1,667,2500,372,0.5984
25,25,1,668,2500,339,0.5456
25,25,1,669,2500,345,0.5552
25,25,1,670,2500,377,0.6064
25,25,1,671,2500,382,0.6144
25,25,1,672,2500,354,0.5696
25,25,1,673,2500,288,0.464
25,25,1,674,2500,337,0.5424
25,25,1,675,2500,344,0.5536
25,25,1,676,2500,334,0.5376
25,25,1,677,2500,356,0.5728
25,25,1,678,2500,383,0.616
25,25,1,679,2500,364,0.5856
25,25,1,680,2500,383,0.616
25,25,1,681,2500,341,0.5488
25,25,1,682,2500,365,0.5872
25,25,1,683,2500,387,0.6224
25,25,1,684,2500,384,0.6176
25,25,1,685,2500,370,0.5952
25,25,1,686,2500,354,0.5696
25,25,1,687,2500,367,0.5904
25,25,1,688,2500,284,0.4576
25,25,1,689,2500,375,0.6032
25,25,1,690,2500,385,0.6192
25,25,1,691,2500,378,0.608
25,25,1,692,2500,378,0.608
25,25,1,693,2500,366,0.5888
25,25,1,694,2500,324,0.5216
25,25,1,695,2500,357,0.5744
25,25,1,696,2500,374,0.6016
25,25,1,697,2500,368,0.592
25,25,1,698,2500,360,0.5792
25,25,1,699,2500,397,0.6384
25,25,1,700,2500,385,0.6192
25,25,1,701,2500,371,0.5968
25,25,1,702,2500,396,0.6368
25,25,1,703,2500,379,0.6096
25,25,1,704,2500,379,0.6096
25,25,1,705,2500,358,0.576
25,25,1,706,2500,334,0.5376
25,25,1,707,2500,339,0.5456
25,25,1,708,2500,343,0.552
25,25,1,709,2500,369,0.5936
25,25,1,710,2500,377,0.6064
25,25,1,711,2500,377,0.6064
25,25,1,712,2500,348,0.56
25,25,1,713,2500,317,0.5104
25,25,1,714,2500,252,0.4064
25,25,1,715,2500,347,0.5584
25,25,1,716,2500,348,0.56
25,25,1,717,2500,379,0.6096
25,25,1,718,2500,389,0.6256
25,25,1,719,2500,354,0.5696
25,25,1,720,2500,342,0.5504
25,25,1,721,2500,370,0.5952
25,25,1,722,2500,391,0.6288
25,25,1,723,2500,380,0.6112
25,25,1,724,2500,395,0.6352
25,25,1,725,2500,384,0.6176
25,25,1,726,2500,376,0.6048
25,25,1,727,2500,332,0.5344
25,25,1,728,2500,307,0.4944
25,25,1,729,2500,325,0.5232
25,25,1,730,2500,385,0.6192
25,25,1,731,2500,354,0.5696
25,25,1,732,2500,389,0.6256
25,25,1,733,2500,397,0.6384
25,25,1,734,2500,362,0.5824
25,25,1,735,2500,400,0.6432
25,25,1,736,2500,389,0.6256
25,25,1,737,2500,381,0.6128
25,25,1,738,2500,347,0.5584
25,25,1,739,2500,388,0.624
25,25,1,740,2500,364,0.5856
25,25,1,741,2500,396,0.6368
25,25,1,742,2500,356,0.5728
25,25,1,743,2500,397,0.6384
25,25,1,744,2500,372,0.5984
25,25,1,745,2500,385,0.6192
25,25,1,746,2500,323,0.52
25,25,1,747,2500,362,0.5824
25,25,1,748,2500,351,0.5648
25,25,1,749,2500,354,0.5696
25,25,1,750,2500,380,0.6112
25,25,1,751,2500,360,0.5792
25,25,1,752,2500,354,0.5696
25,25,1,753,2500,361,0.5808
25,25,1,754,2500,314,0.5056
25,25,1,755,2500,316,0.5088
25,25,1,756,2500,357,0.5744
25,25,1,757,2500,392,0.6304
25,25,1,758,2500,343,0.552
25,25,1,759,2500,367,0.5904
25,25,1,760,2500,384,0.6176
25,25,1,761,2500,326,0.5248
25,25,1,762,2500,377,0.6064
25,25,1,763,2500,404,0.6496
25,25,1,764,2500,369,0.5936
25,25,1,765,2500,379,0.6096
25,25,1,766,2500,387,0.6224
25,25,1,767,2500,387,0.6224
25,25,1,768,2500,394,0.6336
25,25,1,769,2500,348,0.56
25,25,1,770,2500,369,0.5936
25,25,1,771,2500,378,0.608
25,25,1,772,2500,309,0.4976
25,25,1,773,2500,389,0.6256
25,25,1,774,2500,367,0.5904
25,25,1,775,2500,353,0.568
25,25,1,776,2500,381,0.6128
25,25,1,777,2500,397,0.6384
25,25,1,778,2500,386,0.6208
25,25,1,779,2500,378,0.608
25,25,1,780,2500,366,0.5888
25,25,1,781,2500,391,0.6288
25,25,1,782,2500,337,0.5424
25,25,1,783,2500,385,0.6192
25,25,1,784,2500,395,0.6352
25,25,1,785,2500,389,0.6256
25,25,1,786,2500,395,0.6352
25,25,1,787,2500,366,0.5888
25,25,1,788,2500,342,0.5504
25,25,1,789,2500,289,0.4656
25,25,1,790,2500,334,0.5376
25,25,1,791,2500,343,0.552
25,25,1,792,2500,300,0.4832
25,25,1,793,2500,397,0.6384
25,25,1,794,2500,387,0.6224
25,25,1,795,2500,389,0.6256
25,25,1,796,2500,406,0.6528
25,25,1,797,2500,363,0.584
25,25,1,798,2500,369,0.5936
25,25,1,799,2500,380,0.6112
25,25,1,800,2500,368,0.592
25,25,1,801,2500,368,0.592
25,25,1,802,2500,374,0.6016
25,25,1,803,2500,384,0.6176
25,25,1,804,2500,401,0.6448
25,25,1,805,2500,378,0.608
25,25,1,806,2500,328,0.528
25,25,1,807,2500,384,0.6176
25,25,1,808,2500,384,0.6176
25,25,1,809,2500,379,0.6096
25,25,1,810,2500,407,0.6544
25,25,1,811,2500,414,0.6656
25,25,1,812,2500,388,0.624
25,25,1,813,2500,370,0.5952
25,25,1,814,2500,353,0.568
25,25,1,815,2500,410,0.6592
25,25,1,816,2500,386,0.6208
25,25,1,817,2500,396,0.6368
25,25,1,818,2500,405,0.6512
25,25,1,819,2500,351,0.5648
25,25,1,820,2500,367,0.5904
25,25,1,821,2500,387,0.6224
25,25,1,822,2500,365,0.5872
25,25,1,823,2500,410,0.6592
25,25,1,824,2500,369,0.5936
25,25,1,825,2500,374,0.6016
25,25,1,826,2500,391,0.6288
25,25,1,827,2500,359,0.5776
25,25,1,828,2500,294,0.4736
25,25,1,829,2500,306,0.4928
25,25,1,830,2500,366,0.5888
25,25,1,831,2500,257,0.4144
25,25,1,832,2500,375,0.6032
25,25,1,833,2500,402,0.6464
25,25,1,834,2500,403,0.648
25,25,1,835,2500,382,0.6144
25,25,1,836,2500,411,0.6608
25,25,1,837,2500,341,0.5488
25,25,1,838,2500,369,0.5936
25,25,1,839,2500,385,0.6192
25,25,1,840,2500,411,0.6608
25,25,1,841,2500,336,0.5408
25,25,1,842,2500,392,0.6304
25,25,1,843,2500,390,0.6272
25,25,1,844,2500,400,0.6432
25,25,1,845,2500,392,0.6304
25,25,1,846,2500,400,0.6432
25,25,1,847,2500,408,0.656
25,25,1,848,2500,359,0.5776
25,25,1,849,2500,372,0.5984
25,25,1,850,2500,380,0.6112
25,25,1,851,2500,396,0.6368
25,25,1,852,2500,412,0.6624
25,25,1,853,2500,352,0.5664
25,25,1,854,2500,326,0.5248
25,25,1,855,2500,320,0.5152
25,25,1,856,2500,360,0.5792
25,25,1,857,2500,379,0.6096
25,25,1,858,2500,381,0.6128
25,25,1,859,2500,405,0.6512
25,25,1,860,2500,370,0.5952
25,25,1,861,2500,404,0.6496
25,25,1,862,2500,372,0.5984
25,25,1,863,2500,414,0.6656
25,25,1,864,2500,408,0.656
25,25,1,865,2500,376,0.6048
25,25,1,866,2500,331,0.5328
25,25,1,867,2500,336,0.5408
25,25,1,868,2500,398,0.64
25,25,1,869,2500,402,0.6464
25,25,1,870,2500,404,0.6496
25,25,1,871,2500,419,0.6736
25,25,1,872,2500,372,0.5984
25,25,1,873,2500,394,0.6336
25,25,1,874,2500,378,0.608
25,25,1,875,2500,391,0.6288
25,25,1,876,2500,362,0.5824
25,25,1,877,2500,391,0.6288
25,25,1,878,2500,336,0.5408
25,25,1,879,2500,361,0.5808
25,25,1,880,2500,337,0.5424
25,25,1,881,2500,355,0.5712
25,25,1,882,2500,366,0.5888
25,25,1,883,2500,366,0.5888
25,25,1,884,2500,364,0.5856
25,25,1,885,2500,371,0.5968
25,25,1,886,2500,388,0.624
25,25,1,887,2500,417,0.6704
25,25,1,888,2500,371,0.5968
25,25,1,889,2500,404,0.6496
25,25,1,890,2500,406,0.6528
25,25,1,891,2500,386,0.6208
25,25,1,892,2500,368,0.592
25,25,1,893,2500,385,0.6192
25,25,1,894,2500,360,0.5792
25,25,1,895,2500,338,0.544
25,25,1,896,2500,334,0.5376
25,25,1,897,2500,402,0.6464
25,25,1,898,2500,414,0.6656
25,25,1,899,2500,415,0.6672
25,25,1,900,2500,428,0.688
25,25,1,901,2500,410,0.6592
25,25,1,902,2500,387,0.6224
25,25,1,903,2500,380,0.6112
25,25,1,904,2500,411,0.6608
25,25,1,905,2500,399,0.6416
25,25,1,906,2500,385,0.6192
25,25,1,907,2500,335,0.5392
25,25,1,908,2500,366,0.5888
25,25,1,909,2500,372,0.5984
25,25,1,910,2500,367,0.5904
25,25,1,911,2500,366,0.5888
25,25,1,912,2500,364,0.5856
25,25,1,913,2500,425,0.6832
25,25,1,914,2500,366,0.5888
25,25,1,915,2500,399,0.6416
25,25,1,916,2500,391,0.6288
25,25,1,917,2500,356,0.5728
25,25,1,918,2500,372,0.5984
25,25,1,919,2500,393,0.632
25,25,1,920,2500,393,0.632
25,25,1,921,2500,379,0.6096
25,25,1,922,2500,393,0.632
25,25,1,923,2500,414,0.6656
25,25,1,924,2500,415,0.6672
25,25,1,925,2500,431,0.6928
25,25,1,926,2500,414,0.6656
25,25,1,927,2500,295,0.4752
25,25,1,928,2500,403,0.648
25,25,1,929,2500,427,0.6864
25,25,1,930,2500,440,0.7072
25,25,1,931,2500,406,0.6528
25,25,1,932,2500,418,0.672
25,25,1,933,2500,392,0.6304
25,25,1,934,2500,443,0.712
25,25,1,935,2500,412,0.6624
25,25,1,936,2500,422,0.6784
25,25,1,937,2500,411,0.6608
25,25,1,938,2500,432,0.6944
25,25,1,939,2500,397,0.6384
25,25,1,940,2500,410,0.6592
25,25,1,941,2500,383,0.616
25,25,1,942,2500,393,0.632
25,25,1,943,2500,429,0.6896
25,25,1,944,2500,404,0.6496
25,25,1,945,2500,375,0.6032
25,25,1,946,2500,348,0.56
25,25,1,947,2500,307,0.4944
25,25,1,948,2500,379,0.6096
25,25,1,949,2500,393,0.632
25,25,1,950,2500,342,0.5504
25,25,1,951,2500,376,0.6048
25,25,1,952,2500,429,0.6896
25,25,1,953,2500,395,0.6352
25,25,1,954,2500,413,0.664
25,25,1,955,2500,380,0.6112
25,25,1,956,2500,386,0.6208
25,25,1,957,2500,369,0.5936
25,25,1,958,2500,381,0.6128
25,25,1,959,2500,324,0.5216
25,25,1,960,2500,370,0.5952
25,25,1,961,2500,402,0.6464
25,25,1,962,2500,419,0.6736
25,25,1,963,2500,408,0.656
25,25,1,964,2500,381,0.6128
25,25,1,965,2500,419,0.6736
25,25,1,966,2500,405,0.6512
25,25,1,967,2500,367,0.5904
25,25,1,968,2500,423,0.68
25,25,1,969,2500,418,0.672
25,25,1,970,2500,382,0.6144
25,25,1,971,2500,433,0.696
25,25,1,972,2500,438,0.704
25,25,1,973,2500,413,0.664
25,25,1,974,2500,328,0.528
25,25,1,975,2500,300,0.4832
25,25,1,976,2500,424,0.6816
25,25,1,977,2500,410,0.6592
25,25,1,978,2500,355,0.5712
25,25,1,979,2500,400,0.6432
25,25,1,980,2500,409,0.6576
25,25,1,981,2500,372,0.5984
25,25,1,982,2500,385,0.6192
25,25,1,983,2500,388,0.624
25,25,1,984,2500,396,0.6368
25,25,1,985,2500,419,0.6736
25,25,1,986,2500,440,0.7072
25,25,1,987,2500,421,0.6768
25,25,1,988,2500,452,0.7264
25,25,1,989,2500,387,0.6224
25,25,1,990,2500,404,0.6496
25,25,1,991,2500,425,0.6832
25,25,1,992,2500,450,0.7232
25,25,1,993,2500,440,0.7072
25,25,1,994,2500,422,0.6784
25,25,1,995,2500,298,0.48
25,25,1,996,2500,398,0.64
25,25,1,997,2500,400,0.6432
25,25,1,998,2500,397,0.6384
25,25,1,999,2500,342,0.5504
25,25,1,1000,2500,307,0.4944
25,25,1,1001,2500,383,0.616
25,25,1,1002,2500,443,0.712
25,25,1,1003,2500,394,0.6336
25,25,1,1004,2500,337,0.5424
25,25,1,1005,2500,428,0.688
25,25,1,1006,2500,443,0.712
25,25,1,1007,2500,393,0.632
25,25,1,1008,2500,362,0.5824
25,25,1,1009,2500,401,0.6448
25,25,1,1010,2500,367,0.5904
25,25,1,1011,2500,343,0.552
25,25,1,1012,2500,284,0.4576
25,25,1,1013,2500,308,0.496
25,25,1,1014,2500,405,0.6512
25,25,1,1015,2500,399,0.6416
25,25,1,1016,2500,426,0.6848
25,25,1,1017,2500,409,0.6576
25,25,1,1018,2500,366,0.5888
25,25,1,1019,2500,391,0.6288
25,25,1,1020,2500,358,0.576
25,25,1,1021,2500,382,0.6144
25,25,1,1022,2500,420,0.6752
25,25,1,1023,2500,433,0.696
25,25,1,1024,2500,383,0.616
25,25,1,1025,2500,354,0.5696
25,25,1,1026,2500,306,0.4928
25,25,1,1027,2500,428,0.688
25,25,1,1028,2500,362,0.5824
25,25,1,1029,2500,427,0.6864
25,25,1,1030,2500,424,0.6816
25,25,1,1031,2500,422,0.6784
25,25,1,1032,2500,398,0.64
25,25,1,1033,2500,423,0.68
25,25,1,1034,2500,431,0.6928
25,25,1,1035,2500,438,0.704
25,25,1,1036,2500,450,0.7232
25,25,1,1037,2500,410,0.6592
25,25,1,1038,2500,418,0.672
25,25,1,1039,2500,411,0.6608
25,25,1,1040,2500,395,0.6352
25,25,1,1041,2500,386,0.6208
25,25,1,1042,2500,357,0.5744
25,25,1,1043,2500,413,0.664
25,25,1,1044,2500,424,0.6816
25,25,1,1045,2500,425,0.6832
25,25,1,1046,2500,418,0.672
25,25,1,1047,2500,457,0.7344
25,25,1,1048,2500,437,0.7024
25,25,1,1049,2500,433,0.696
25,25,1,1050,2500,447,0.7184
25,25,1,1051,2500,435,0.6992
25,25,1,1052,2500,419,0.6736
25,25,1,1053,2500,425,0.6832
25,25,1,1054,2500,364,0.5856
25,25,1,1055,2500,386,0.6208
25,25,1,1056,2500,344,0.5536
25,25,1,1057,2500,385,0.6192
25,25,1,1058,2500,406,0.6528
25,25,1,1059,2500,422,0.6784
25,25,1,1060,2500,364,0.5856
25,25,1,1061,2500,433,0.696
25,25,1,1062,2500,387,0.6224
25,25,1,1063,2500,375,0.6032
25,25,1,1064,2500,400,0.6432
25,25,1,1065,2500,415,0.6672
25,25,1,1066,2500,447,0.7184
25,25,1,1067,2500,419,0.6736
25,25,1,1068,2500,395,0.6352
25,25,1,1069,2500,357,0.5744
25,25,1,1070,2500,417,0.6704
25,25,1,1071,2500,403,0.648
25,25,1,1072,2500,447,0.7184
25,25,1,1073,2500,436,0.7008
25,25,1,1074,2500,418,0.672
25,25,1,1075,2500,277,0.4464
25,25,1,1076,2500,230,0.3712
25,25,1,1077,2500,407,0.6544
25,25,1,1078,2500,395,0.6352
25,25,1,1079,2500,432,0.6944
25,25,1,1080,2500,426,0.6848
25,25,1,1081,2500,374,0.6016
25,25,1,1082,2500,419,0.6736
25,25,1,1083,2500,406,0.6528
25,25,1,1084,2500,394,0.6336
25,25,1,1085,2500,429,0.6896
25,25,1,1086,2500,409,0.6576
25,25,1,1087,2500,376,0.6048
25,25,1,1088,2500,421,0.6768
25,25,1,1089,2500,465,0.7472
25,25,1,1090,2500,460,0.7392
25,25,1,1091,2500,438,0.704
25,25,1,1092,2500,419,0.6736
25,25,1,1093,2500,374,0.6016
25,25,1,1094,2500,400,0.6432
25,25,1,1095,2500,425,0.6832
25,25,1,1096,2500,428,0.688
25,25,1,1097,2500,398,0.64
25,25,1,1098,2500,388,0.624
25,25,1,1099,2500,386,0.6208
25,25,1,1100,2500,434,0.6976
25,25,1,1101,2500,454,0.7296
25,25,1,1102,2500,431,0.6928
25,25,1,1103,2500,413,0.664
25,25,1,1104,2500,435,0.6992
25,25,1,1105,2500,427,0.6864
25,25,1,1106,2500,444,0.7136
25,25,1,1107,2500,422,0.6784
25,25,1,1108,2500,415,0.6672
25,25,1,1109,2500,441,0.7088
25,25,1,1110,2500,436,0.7008
25,25,1,1111,2500,449,0.7216
25,25,1,1112,2500,441,0.7088
25,25,1,1113,2500,425,0.6832
25,25,1,1114,2500,452,0.7264
25,25,1,1115,2500,410,0.6592
25,25,1,1116,2500,413,0.664
25,25,1,1117,2500,431,0.6928
25,25,1,1118,2500,446,0.7168
25,25,1,1119,2500,457,0.7344
25,25,1,1120,2500,446,0.7168
25,25,1,1121,2500,422,0.6784
25,25,1,1122,2500,412,0.6624
25,25,1,1123,2500,411,0.6608
25,25,1,1124,2500,405,0.6512
25,25,1,1125,2500,406,0.6528
25,25,1,1126,2500,399,0.6416
25,25,1,1127,2500,405,0.6512
25,25,1,1128,2500,434,0.6976
25,25,1,1129,2500,422,0.6784
25,25,1,1130,2500,340,0.5472
25,25,1,1131,2500,369,0.5936
25,25,1,1132,2500,391,0.6288
25,25,1,1133,2500,413,0.664
25,25,1,1134,2500,404,0.6496
25,25,1,1135,2500,424,0.6816
25,25,1,1136,2500,383,0.616
25,25,1,1137,2500,415,0.6672
25,25,1,1138,2500,384,0.6176
25,25,1,1139,2500,452,0.7264
25,25,1,1140,2500,425,0.6832
25,25,1,1141,2500,441,0.7088
25,25,1,1142,2500,447,0.7184
25,25,1,1143,2500,452,0.7264
25,25,1,1144,2500,470,0.7552
25,25,1,1145,2500,428,0.688
25,25,1,1146,2500,404,0.6496
25,25,1,1147,2500,422,0.6784
25,25,1,1148,2500,453,0.728
25,25,1,1149,2500,406,0.6528
25,25,1,1150,2500,454,0.7296
25,25,1,1151,2500,460,0.7392
25,25,1,1152,2500,463,0.744
25,25,1,1153,2500,433,0.696
25,25,1,1154,2500,423,0.68
25,25,1,1155,2500,401,0.6448
25,25,1,1156,2500,405,0.6512
25,25,1,1157,2500,405,0.6512
25,25,1,1158,2500,376,0.6048
25,25,1,1159,2500,392,0.6304
25,25,1,1160,2500,437,0.7024
25,25,1,1161,2500,455,0.7312
25,25,1,1162,2500,409,0.6576
25,25,1,1163,2500,392,0.6304
25,25,1,1164,2500,399,0.6416
25,25,1,1165,2500,400,0.6432
25,25,1,1166,2500,394,0.6336
25,25,1,1167,2500,382,0.6144
25,25,1,1168,2500,406,0.6528
25,25,1,1169,2500,438,0.704
25,25,1,1170,2500,429,0.6896
25,25,1,1171,2500,445,0.7152
25,25,1,1172,2500,469,0.7536
25,25,1,1173,2500,448,0.72
25,25,1,1174,2500,415,0.6672
25,25,1,1175,2500,298,0.48
25,25,1,1176,2500,432,0.6944
25,25,1,1177,2500,448,0.72
25,25,1,1178,2500,471,0.7568
25,25,1,1179,2500,402,0.6464
25,25,1,1180,2500,378,0.608
25,25,1,1181,2500,404,0.6496
25,25,1,1182,2500,420,0.6752
25,25,1,1183,2500,439,0.7056
25,25,1,1184,2500,421,0.6768
25,25,1,1185,2500,423,0.68
25,25,1,1186,2500,439,0.7056
25,25,1,1187,2500,418,0.672
25,25,1,1188,2500,335,0.5392
25,25,1,1189,2500,407,0.6544
25,25,1,1190,2500,450,0.7232
25,25,1,1191,2500,387,0.6224
25,25,1,1192,2500,421,0.6768
25,25,1,1193,2500,392,0.6304
25,25,1,1194,2500,439,0.7056
25,25,1,1195,2500,456,0.7328
25,25,1,1196,2500,437,0.7024
25,25,1,1197,2500,424,0.6816
25,25,1,1198,2500,411,0.6608
25,25,1,1199,2500,403,0.648
25,25,1,1200,2500,446,0.7168
25,25,1,1201,2500,377,0.6064
25,25,1,1202,2500,412,0.6624
25,25,1,1203,2500,429,0.6896
25,25,1,1204,2500,438,0.704
25,25,1,1205,2500,426,0.6848
25,25,1,1206,2500,421,0.6768
25,25,1,1207,2500,433,0.696
25,25,1,1208,2500,473,0.76
25,25,1,1209,2500,446,0.7168
25,25,1,1210,2500,439,0.7056
25,25,1,1211,2500,459,0.7376
25,25,1,1212,2500,460,0.7392
25,25,1,1213,2500,475,0.7632
25,25,1,1214,2500,458,0.736
25,25,1,1215,2500,471,0.7568
25,25,1,1216,2500,461,0.7408
25,25,1,1217,2500,470,0.7552
25,25,1,1218,2500,372,0.5984
25,25,1,1219,2500,286,0.4608
25,25,1,1220,2500,400,0.6432
25,25,1,1221,2500,403,0.648
25,25,1,1222,2500,383,0.616
25,25,1,1223,2500,429,0.6896
25,25,1,1224,2500,365,0.5872
25,25,1,1225,2500,386,0.6208
25,25,1,1226,2500,437,0.7024
25,25,1,1227,2500,405,0.6512
25,25,1,1228,2500,453,0.728
25,25,1,1229,2500,467,0.7504
25,25,1,1230,2500,364,0.5856
25,25,1,1231,2500,396,0.6368
25,25,1,1232,2500,449,0.7216
25,25,1,1233,2500,421,0.6768
25,25,1,1234,2500,448,0.72
25,25,1,1235,2500,434,0.6976
25,25,1,1236,2500,445,0.7152
25,25,1,1237,2500,451,0.7248
25,25,1,1238,2500,402,0.6464
25,25,1,1239,2500,459,0.7376
25,25,1,1240,2500,467,0.7504
25,25,1,1241,2500,408,0.656
25,25,1,1242,2500,381,0.6128
25,25,1,1243,2500,406,0.6528
25,25,1,1244,2500,425,0.6832
25,25,1,1245,2500,419,0.6736
25,25,1,1246,2500,386,0.6208
25,25,1,1247,2500,363,0.584
25,25,1,1248,2500,400,0.6432
25,25,1,1249,2500,308,0.496
25,25,1,1250,2500,367,0.5904
25,25,1,1251,2500,387,0.6224
25,25,1,1252,2500,399,0.6416
25,25,1,1253,2500,434,0.6976
25,25,1,1254,2500,438,0.704
25,25,1,1255,2500,411,0.6608
25,25,1,1256,2500,360,0.5792
25,25,1,1257,2500,424,0.6816
25,25,1,1258,2500,465,0.7472
25,25,1,1259,2500,411,0.6608
25,25,1,1260,2500,461,0.7408
25,25,1,1261,2500,441,0.7088
25,25,1,1262,2500,430,0.6912
25,25,1,1263,2500,438,0.704
25,25,1,1264,2500,446,0.7168
25,25,1,1265,2500,455,0.7312
25,25,1,1266,2500,434,0.6976
25,25,1,1267,2500,367,0.5904
25,25,1,1268,2500,443,0.712
25,25,1,1269,2500,461,0.7408
25,25,1,1270,2500,341,0.5488
25,25,1,1271,2500,356,0.5728
25,25,1,1272,2500,376,0.6048
25,25,1,1273,2500,416,0.6688
25,25,1,1274,2500,429,0.6896
25,25,1,1275,2500,420,0.6752
25,25,1,1276,2500,423,0.68
25,25,1,1277,2500,323,0.52
25,25,1,1278,2500,408,0.656
25,25,1,1279,2500,402,0.6464
25,25,1,1280,2500,455,0.7312
25,25,1,1281,2500,414,0.6656
25,25,1,1282,2500,408,0.656
25,25,1,1283,2500,435,0.6992
25,25,1,1284,2500,438,0.704
25,25,1,1285,2500,448,0.72
25,25,1,1286,2500,444,0.7136
25,25,1,1287,2500,452,0.7264
25,25,1,1288,2500,472,0.7584
25,25,1,1289,2500,423,0.68
25,25,1,1290,2500,442,0.7104
25,25,1,1291,2500,470,0.7552
25,25,1,1292,2500,443,0.712
25,25,1,1293,2500,481,0.7728
25,25,1,1294,2500,456,0.7328
25,25,1,1295,2500,467,0.7504
25,25,1,1296,2500,434,0.6976
25,25,1,1297,2500,420,0.6752
25,25,1,1298,2500,451,0.7248
25,25,1,1299,2500,423,0.68
25,25,1,1300,2500,451,0.7248
25,25,1,1301,2500,474,0.7616
25,25,1,1302,2500,383,0.616
25,25,1,1303,2500,398,0.64
25,25,1,1304,2500,426,0.6848
25,25,1,1305,2500,415,0.6672
25,25,1,1306,2500,417,0.6704
25,25,1,1307,2500,408,0.656
25,25,1,1308,2500,477,0.7664
25,25,1,1309,2500,435,0.6992
25,25,1,1310,2500,398,0.64
25,25,1,1311,2500,402,0.6464
25,25,1,1312,2500,390,0.6272
25,25,1,1313,2500,393,0.632
25,25,1,1314,2500,435,0.6992
25,25,1,1315,2500,471,0.7568
25,25,1,1316,2500,403,0.648
25,25,1,1317,2500,428,0.688
25,25,1,1318,2500,444,0.7136
25,25,1,1319,2500,437,0.7024
25,25,1,1320,2500,403,0.648
25,25,1,1321,2500,405,0.6512
25,25,1,1322,2500,378,0.608
25,25,1,1323,2500,457,0.7344
25,25,1,1324,2500,434,0.6976
25,25,1,1325,2500,463,0.744
25,25,1,1326,2500,451,0.7248
25,25,1,1327,2500,449,0.7216
25,25,1,1328,2500,447,0.7184
25,25,1,1329,2500,458,0.736
25,25,1,1330,2500,432,0.6944
25,25,1,1331,2500,424,0.6816
25,25,1,1332,2500,461,0.7408
25,25,1,1333,2500,416,0.6688
25,25,1,1334,2500,434,0.6976
25,25,1,1335,2500,479,0.7696
25,25,1,1336,2500,438,0.704
25,25,1,1337,2500,413,0.664
25,25,1,1338,2500,422,0.6784
25,25,1,1339,2500,435,0.6992
25,25,1,1340,2500,337,0.5424
25,25,1,1341,2500,383,0.616
25,25,1,1342,2500,394,0.6336
25,25,1,1343,2500,306,0.4928
25,25,1,1344,2500,408,0.656
25,25,1,1345,2500,378,0.608
25,25,1,1346,2500,408,0.656
25,25,1,1347,2500,438,0.704
25,25,1,1348,2500,423,0.68
25,25,1,1349,2500,454,0.7296
25,25,1,1350,2500,442,0.7104
25,25,1,1351,2500,411,0.6608
25,25,1,1352,2500,415,0.6672
25,25,1,1353,2500,429,0.6896
25,25,1,1354,2500,441,0.7088
25,25,1,1355,2500,458,0.736
25,25,1,1356,2500,378,0.608
25,25,1,1357,2500,454,0.7296
25,25,1,1358,2500,479,0.7696
25,25,1,1359,2500,454,0.7296
25,25,1,1360,2500,395,0.6352
25,25,1,1361,2500,292,0.4704
25,25,1,1362,2500,389,0.6256
25,25,1,1363,2500,426,0.6848
25,25,1,1364,2500,425,0.6832
25,25,1,1365,2500,430,0.6912
25,25,1,1366,2500,450,0.7232
25,25,1,1367,2500,426,0.6848
25,25,1,1368,2500,457,0.7344
25,25,1,1369,2500,451,0.7248
25,25,1,1370,2500,479,0.7696
25,25,1,1371,2500,446,0.7168
25,25,1,1372,2500,451,0.7248
25,25,1,1373,2500,458,0.736
25,25,1,1374,2500,431,0.6928
25,25,1,1375,2500,439,0.7056
25,25,1,1376,2500,476,0.7648
25,25,1,1377,2500,486,0.7808
25,25,1,1378,2500,434,0.6976
25,25,1,1379,2500,433,0.696
25,25,1,1380,2500,487,0.7824
25,25,1,1381,2500,467,0.7504
25,25,1,1382,2500,463,0.744
25,25,1,1383,2500,423,0.68
25,25,1,1384,2500,400,0.6432
25,25,1,1385,2500,415,0.6672
25,25,1,1386,2500,334,0.5376
25,25,1,1387,2500,424,0.6816
25,25,1,1388,2500,376,0.6048
25,25,1,1389,2500,418,0.672
25,25,1,1390,2500,449,0.7216
25,25,1,1391,2500,451,0.7248
25,25,1,1392,2500,396,0.6368
25,25,1,1393,2500,418,0.672
25,25,1,1394,2500,465,0.7472
25,25,1,1395,2500,413,0.664
25,25,1,1396,2500,465,0.7472
25,25,1,1397,2500,440,0.7072
25,25,1,1398,2500,438,0.704
25,25,1,1399,2500,456,0.7328
25,25,1,1400,2500,449,0.7216
25,25,1,1401,2500,464,0.7456
25,25,1,1402,2500,400,0.6432
25,25,1,1403,2500,415,0.6672
25,25,1,1404,2500,469,0.7536
25,25,1,1405,2500,391,0.6288
25,25,1,1406,2500,451,0.7248
25,25,1,1407,2500,447,0.7184
25,25,1,1408,2500,410,0.6592
25,25,1,1409,2500,481,0.7728
25,25,1,1410,2500,319,0.5136
25,25,1,1411,2500,400,0.6432
25,25,1,1412,2500,323,0.52
25,25,1,1413,2500,315,0.5072
25,25,1,1414,2500,458,0.736
25,25,1,1415,2500,399,0.6416
25,25,1,1416,2500,401,0.6448
25,25,1,1417,2500,378,0.608
25,25,1,1418,2500,398,0.64
25,25,1,1419,2500,450,0.7232
25,25,1,1420,2500,465,0.7472
25,25,1,1421,2500,413,0.664
25,25,1,1422,2500,470,0.7552
25,25,1,1423,2500,463,0.744
25,25,1,1424,2500,443,0.712
25,25,1,1425,2500,454,0.7296
25,25,1,1426,2500,391,0.6288
25,25,1,1427,2500,413,0.664
25,25,1,1428,2500,386,0.6208
25,25,1,1429,2500,475,0.7632
25,25,1,1430,2500,452,0.7264
25,25,1,1431,2500,423,0.68
25,25,1,1432,2500,434,0.6976
25,25,1,1433,2500,380,0.6112
25,25,1,1434,2500,450,0.7232
25,25,1,1435,2500,382,0.6144
25,25,1,1436,2500,407,0.6544
25,25,1,1437,2500,449,0.7216
25,25,1,1438,2500,397,0.6384
25,25,1,1439,2500,470,0.7552
25,25,1,1440,2500,472,0.7584
25,25,1,1441,2500,454,0.7296
25,25,1,1442,2500,388,0.624
25,25,1,1443,2500,475,0.7632
25,25,1,1444,2500,452,0.7264
25,25,1,1445,2500,414,0.6656
25,25,1,1446,2500,488,0.784
25,25,1,1447,2500,478,0.768
25,25,1,1448,2500,495,0.7952
25,25,1,1449,2500,440,0.7072
25,25,1,1450,2500,432,0.6944
25,25,1,1451,2500,483,0.776
25,25,1,1452,2500,414,0.6656
25,25,1,1453,2500,488,0.784
25,25,1,1454,2500,460,0.7392
25,25,1,1455,2500,389,0.6256
25,25,1,1456,2500,439,0.7056
25,25,1,1457,2500,419,0.6736
25,25,1,1458,2500,422,0.6784
25,25,1,1459,2500,399,0.6416
25,25,1,1460,2500,322,0.5184
25,25,1,1461,2500,412,0.6624
25,25,1,1462,2500,433,0.696
25,25,1,1463,2500,413,0.664
25,25,1,1464,2500,446,0.7168
25,25,1,1465,2500,443,0.712
25,25,1,1466,2500,379,0.6096
25,25,1,1467,2500,355,0.5712
25,25,1,1468,2500,461,0.7408
25,25,1,1469,2500,459,0.7376
25,25,1,1470,2500,468,0.752
25,25,1,1471,2500,469,0.7536
25,25,1,1472,2500,481,0.7728
25,25,1,1473,2500,477,0.7664
25,25,1,1474,2500,477,0.7664
25,25,1,1475,2500,454,0.7296
25,25,1,1476,2500,488,0.784
25,25,1,1477,2500,455,0.7312
25,25,1,1478,2500,454,0.7296
25,25,1,1479,2500,388,0.624
25,25,1,1480,2500,421,0.6768
25,25,1,1481,2500,336,0.5408
25,25,1,1482,2500,370,0.5952
25,25,1,1483,2500,452,0.7264
25,25,1,1484,2500,426,0.6848
25,25,1,1485,2500,439,0.7056
25,25,1,1486,2500,406,0.6528
25,25,1,1487,2500,383,0.616
25,25,1,1488,2500,388,0.624
25,25,1,1489,2500,398,0.64
25,25,1,1490,2500,367,0.5904
25,25,1,1491,2500,433,0.696
25,25,1,1492,2500,460,0.7392
25,25,1,1493,2500,402,0.6464
25,25,1,1494,2500,417,0.6704
25,25,1,1495,2500,441,0.7088
25,25,1,1496,2500,451,0.7248
25,25,1,1497,2500,433,0.696
25,25,1,1498,2500,428,0.688
25,25,1,1499,2500,460,0.7392
25,25,1,1500,2500,435,0.6992
25,25,1,1501,2500,459,0.7376
25,25,1,1502,2500,478,0.768
25,25,1,1503,2500,389,0.6256
25,25,1,1504,2500,430,0.6912
25,25,1,1505,2500,444,0.7136
25,25,1,1506,2500,435,0.6992
25,25,1,1507,2500,469,0.7536
25,25,1,1508,2500,463,0.744
25,25,1,1509,2500,474,0.7616
25,25,1,1510,2500,455,0.7312
25,25,1,1511,2500,441,0.7088
25,25,1,1512,2500,359,0.5776
25,25,1,1513,2500,418,0.672
25,25,1,1514,2500,347,0.5584
25,25,1,1515,2500,454,0.7296
25,25,1,1516,2500,444,0.7136
25,25,1,1517,2500,463,0.744
25,25,1,1518,2500,487,0.7824
25,25,1,1519,2500,506,0.8128
25,25,1,1520,2500,491,0.7888
25,25,1,1521,2500,472,0.7584
25,25,1,1522,2500,473,0.76
25,25,1,1523,2500,418,0.672
25,25,1,1524,2500,430,0.6912
25,25,1,1525,2500,438,0.704
25,25,1,1526,2500,418,0.672
25,25,1,1527,2500,365,0.5872
25,25,1,1528,2500,404,0.6496
25,25,1,1529,2500,364,0.5856
25,25,1,1530,2500,422,0.6784
25,25,1,1531,2500,418,0.672
25,25,1,1532,2500,427,0.6864
25,25,1,1533,2500,442,0.7104
25,25,1,1534,2500,361,0.5808
25,25,1,1535,2500,399,0.6416
25,25,1,1536,2500,448,0.72
25,25,1,1537,2500,449,0.7216
25,25,1,1538,2500,466,0.7488
25,25,1,1539,2500,479,0.7696
25,25,1,1540,2500,456,0.7328
25,25,1,1541,2500,478,0.768
25,25,1,1542,2500,475,0.7632
25,25,1,1543,2500,484,0.7776
25,25,1,1544,2500,488,0.784
25,25,1,1545,2500,501,0.8048
25,25,1,1546,2500,493,0.792
25,25,1,1547,2500,468,0.752
25,25,1,1548,2500,453,0.728
25,25,1,1549,2500,471,0.7568
25,25,1,1550,2500,394,0.6336
25,25,1,1551,2500,321,0.5168
25,25,1,1552,2500,411,0.6608
25,25,1,1553,2500,404,0.6496
25,25,1,1554,2500,399,0.6416
25,25,1,1555,2500,405,0.6512
25,25,1,1556,2500,456,0.7328
25,25,1,1557,2500,442,0.7104
25,25,1,1558,2500,432,0.6944
25,25,1,1559,2500,452,0.7264
25,25,1,1560,2500,432,0.6944
25,25,1,1561,2500,458,0.736
25,25,1,1562,2500,493,0.792
25,25,1,1563,2500,480,0.7712
25,25,1,1564,2500,503,0.808
25,25,1,1565,2500,466,0.7488
25,25,1,1566,2500,496,0.7968
25,25,1,1567,2500,471,0.7568
25,25,1,1568,2500,507,0.8144
25,25,1,1569,2500,409,0.6576
25,25,1,1570,2500,484,0.7776
25,25,1,1571,2500,481,0.7728
25,25,1,1572,2500,448,0.72
25,25,1,1573,2500,428,0.688
25,25,1,1574,2500,463,0.744
25,25,1,1575,2500,445,0.7152
25,25,1,1576,2500,418,0.672
25,25,1,1577,2500,466,0.7488
25,25,1,1578,2500,495,0.7952
25,25,1,1579,2500,482,0.7744
25,25,1,1580,2500,356,0.5728
25,25,1,1581,2500,425,0.6832
25,25,1,1582,2500,413,0.664
25,25,1,1583,2500,378,0.608
25,25,1,1584,2500,432,0.6944
25,25,1,1585,2500,415,0.6672
25,25,1,1586,2500,394,0.6336
25,25,1,1587,2500,473,0.76
25,25,1,1588,2500,495,0.7952
25,25,1,1589,2500,464,0.7456
25,25,1,1590,2500,450,0.7232
25,25,1,1591,2500,496,0.7968
25,25,1,1592,2500,439,0.7056
25,25,1,1593,2500,489,0.7856
25,25,1,1594,2500,496,0.7968
25,25,1,1595,2500,472,0.7584
25,25,1,1596,2500,345,0.5552
25,25,1,1597,2500,392,0.6304
25,25,1,1598,2500,377,0.6064
25,25,1,1599,2500,398,0.64
25,25,1,1600,2500,453,0.728
25,25,1,1601,2500,460,0.7392
25,25,1,1602,2500,497,0.7984
25,25,1,1603,2500,483,0.776
25,25,1,1604,2500,475,0.7632
25,25,1,1605,2500,499,0.8016
25,25,1,1606,2500,449,0.7216
25,25,1,1607,2500,461,0.7408
25,25,1,1608,2500,496,0.7968
25,25,1,1609,2500,463,0.744
25,25,1,1610,2500,369,0.5936
25,25,1,1611,2500,394,0.6336
25,25,1,1612,2500,382,0.6144
25,25,1,1613,2500,446,0.7168
25,25,1,1614,2500,420,0.6752
25,25,1,1615,2500,491,0.7888
25,25,1,1616,2500,454,0.7296
25,25,1,1617,2500,453,0.728
25,25,1,1618,2500,477,0.7664
25,25,1,1619,2500,505,0.8112
25,25,1,1620,2500,501,0.8048
25,25,1,1621,2500,497,0.7984
25,25,1,1622,2500,443,0.712
25,25,1,1623,2500,443,0.712
25,25,1,1624,2500,493,0.792
25,25,1,1625,2500,471,0.7568
25,25,1,1626,2500,504,0.8096
25,25,1,1627,2500,484,0.7776
25,25,1,1628,2500,492,0.7904
25,25,1,1629,2500,467,0.7504
25,25,1,1630,2500,512,0.8224
25,25,1,1631,2500,483,0.776
25,25,1,1632,2500,488,0.784
25,25,1,1633,2500,467,0.7504
25,25,1,1634,2500,468,0.752
25,25,1,1635,2500,454,0.7296
25,25,1,1636,2500,354,0.5696
25,25,1,1637,2500,388,0.624
25,25,1,1638,2500,440,0.7072
25,25,1,1639,2500,366,0.5888
25,25,1,1640,2500,245,0.3952
25,25,1,1641,2500,444,0.7136
25,25,1,1642,2500,491,0.7888
25,25,1,1643,2500,505,0.8112
25,25,1,1644,2500,415,0.6672
25,25,1,1645,2500,456,0.7328
25,25,1,1646,2500,450,0.7232
25,25,1,1647,2500,460,0.7392
25,25,1,1648,2500,506,0.8128
25,25,1,1649,2500,466,0.7488
25,25,1,1650,2500,492,0.7904
25,25,1,1651,2500,425,0.6832
25,25,1,1652,2500,402,0.6464
25,25,1,1653,2500,443,0.712
25,25,1,1654,2500,515,0.8272
25,25,1,1655,2500,520,0.8352
25,25,1,1656,2500,477,0.7664
25,25,1,1657,2500,492,0.7904
25,25,1,1658,2500,513,0.824
25,25,1,1659,2500,490,0.7872
25,25,1,1660,2500,492,0.7904
25,25,1,1661,2500,435,0.6992
25,25,1,1662,2500,474,0.7616
25,25,1,1663,2500,458,0.736
25,25,1,1664,2500,500,0.8032
25,25,1,1665,2500,515,0.8272
25,25,1,1666,2500,509,0.8176
25,25,1,1667,2500,494,0.7936
25,25,1,1668,2500,494,0.7936
25,25,1,1669,2500,503,0.808
25,25,1,1670,2500,442,0.7104
25,25,1,1671,2500,478,0.768
25,25,1,1672,2500,490,0.7872
25,25,1,1673,2500,428,0.688
25,25,1,1674,2500,416,0.6688
25,25,1,1675,2500,460,0.7392
25,25,1,1676,2500,499,0.8016
25,25,1,1677,2500,520,0.8352
25,25,1,1678,2500,499,0.8016
25,25,1,1679,2500,453,0.728
25,25,1,1680,2500,467,0.7504
25,25,1,1681,2500,454,0.7296
25,25,1,1682,2500,415,0.6672
25,25,1,1683,2500,382,0.6144
25,25,1,1684,2500,406,0.6528
25,25,1,1685,2500,465,0.7472
25,25,1,1686,2500,449,0.7216
25,25,1,1687,2500,437,0.7024
25,25,1,1688,2500,481,0.7728
25,25,1,1689,2500,517,0.8304
25,25,1,1690,2500,473,0.76
25,25,1,1691,2500,472,0.7584
25,25,1,1692,2500,504,0.8096
25,25,1,1693,2500,521,0.8368
25,25,1,1694,2500,506,0.8128
25,25,1,1695,2500,467,0.7504
25,25,1,1696,2500,469,0.7536
25,25,1,1697,2500,440,0.7072
25,25,1,1698,2500,497,0.7984
25,25,1,1699,2500,517,0.8304
25,25,1,1700,2500,490,0.7872
25,25,1,1701,2500,490,0.7872
25,25,1,1702,2500,445,0.7152
25,25,1,1703,2500,473,0.76
25,25,1,1704,2500,414,0.6656
25,25,1,1705,2500,473,0.76
25,25,1,1706,2500,428,0.688
25,25,1,1707,2500,491,0.7888
25,25,1,1708,2500,503,0.808
25,25,1,1709,2500,498,0.8
25,25,1,1710,2500,489,0.7856
25,25,1,1711,2500,492,0.7904
25,25,1,1712,2500,510,0.8192
25,25,1,1713,2500,409,0.6576
25,25,1,1714,2500,497,0.7984
25,25,1,1715,2500,469,0.7536
25,25,1,1716,2500,408,0.656
25,25,1,1717,2500,409,0.6576
25,25,1,1718,2500,457,0.7344
25,25,1,1719,2500,393,0.632
25,25,1,1720,2500,418,0.672
25,25,1,1721,2500,441,0.7088
25,25,1,1722,2500,425,0.6832
25,25,1,1723,2500,442,0.7104
25,25,1,1724,2500,426,0.6848
25,25,1,1725,2500,372,0.5984
25,25,1,1726,2500,452,0.7264
25,25,1,1727,2500,486,0.7808
25,25,1,1728,2500,498,0.8
25,25,1,1729,2500,468,0.752
25,25,1,1730,2500,473,0.76
25,25,1,1731,2500,355,0.5712
25,25,1,1732,2500,422,0.6784
25,25,1,1733,2500,387,0.6224
25,25,1,1734,2500,442,0.7104
25,25,1,1735,2500,421,0.6768
25,25,1,1736,2500,413,0.664
25,25,1,1737,2500,350,0.5632
25,25,1,1738,2500,409,0.6576
25,25,1,1739,2500,502,0.8064
25,25,1,1740,2500,464,0.7456
25,25,1,1741,2500,498,0.8
25,25,1,1742,2500,418,0.672
25,25,1,1743,2500,418,0.672
25,25,1,1744,2500,472,0.7584
25,25,1,1745,2500,462,0.7424
25,25,1,1746,2500,412,0.6624
25,25,1,1747,2500,467,0.7504
25,25,1,1748,2500,438,0.704
25,25,1,1749,2500,485,0.7792
25,25,1,1750,2500,478,0.768
25,25,1,1751,2500,437,0.7024
25,25,1,1752,2500,499,0.8016
25,25,1,1753,2500,479,0.7696
25,25,1,1754,2500,389,0.6256
25,25,1,1755,2500,479,0.7696
25,25,1,1756,2500,487,0.7824
25,25,1,1757,2500,414,0.6656
25,25,1,1758,2500,471,0.7568
25,25,1,1759,2500,514,0.8256
25,25,1,1760,2500,496,0.7968
25,25,1,1761,2500,460,0.7392
25,25,1,1762,2500,475,0.7632
25,25,1,1763,2500,389,0.6256
25,25,1,1764,2500,441,0.7088
25,25,1,1765,2500,258,0.416
25,25,1,1766,2500,422,0.6784
25,25,1,1767,2500,459,0.7376
25,25,1,1768,2500,473,0.76
25,25,1,1769,2500,482,0.7744
25,25,1,1770,2500,498,0.8
25,25,1,1771,2500,464,0.7456
25,25,1,1772,2500,454,0.7296
25,25,1,1773,2500,466,0.7488
25,25,1,1774,2500,477,0.7664
25,25,1,1775,2500,477,0.7664
25,25,1,1776,2500,364,0.5856
25,25,1,1777,2500,443,0.712
25,25,1,1778,2500,392,0.6304
25,25,1,1779,2500,477,0.7664
25,25,1,1780,2500,402,0.6464
25,25,1,1781,2500,422,0.6784
25,25,1,1782,2500,452,0.7264
25,25,1,1783,2500,431,0.6928
25,25,1,1784,2500,314,0.5056
25,25,1,1785,2500,395,0.6352
25,25,1,1786,2500,433,0.696
25,25,1,1787,2500,414,0.6656
25,25,1,1788,2500,387,0.6224
25,25,1,1789,2500,393,0.632
25,25,1,1790,2500,461,0.7408
25,25,1,1791,2500,446,0.7168
25,25,1,1792,2500,330,0.5312
25,25,1,1793,2500,445,0.7152
25,25,1,1794,2500,512,0.8224
25,25,1,1795,2500,468,0.752
25,25,1,1796,2500,472,0.7584
25,25,1,1797,2500,410,0.6592
25,25,1,1798,2500,425,0.6832
25,25,1,1799,2500,493,0.792
25,25,1,1800,2500,497,0.7984
25,25,1,1801,2500,466,0.7488
25,25,1,1802,2500,500,0.8032
25,25,1,1803,2500,458,0.736
25,25,1,1804,2500,503,0.808
25,25,1,1805,2500,421,0.6768
25,25,1,1806,2500,477,0.7664
25,25,1,1807,2500,444,0.7136
25,25,1,1808,2500,400,0.6432
25,25,1,1809,2500,391,0.6288
25,25,1,1810,2500,452,0.7264
25,25,1,1811,2500,415,0.6672
25,25,1,1812,2500,459,0.7376
25,25,1,1813,2500,409,0.6576
25,25,1,1814,2500,427,0.6864
25,25,1,1815,2500,466,0.7488
25,25,1,1816,2500,437,0.7024
25,25,1,1817,2500,361,0.5808
25,25,1,1818,2500,475,0.7632
25,25,1,1819,2500,505,0.8112
25,25,1,1820,2500,511,0.8208
25,25,1,1821,2500,511,0.8208
25,25,1,1822,2500,498,0.8
25,25,1,1823,2500,509,0.8176
25,25,1,1824,2500,508,0.816
25,25,1,1825,2500,490,0.7872
25,25,1,1826,2500,429,0.6896
25,25,1,1827,2500,484,0.7776
25,25,1,1828,2500,417,0.6704
25,25,1,1829,2500,468,0.752
25,25,1,1830,2500,477,0.7664
25,25,1,1831,2500,419,0.6736
25,25,1,1832,2500,471,0.7568
25,25,1,1833,2500,446,0.7168
25,25,1,1834,2500,483,0.776
25,25,1,1835,2500,531,0.8528
25,25,1,1836,2500,508,0.816
25,25,1,1837,2500,506,0.8128
25,25,1,1838,2500,490,0.7872
25,25,1,1839,2500,374,0.6016
25,25,1,1840,2500,401,0.6448
25,25,1,1841,2500,321,0.5168
25,25,1,1842,2500,349,0.5616
25,25,1,1843,2500,382,0.6144
25,25,1,1844,2500,525,0.8432
25,25,1,1845,2500,501,0.8048
25,25,1,1846,2500,489,0.7856
25,25,1,1847,2500,520,0.8352
25,25,1,1848,2500,440,0.7072
25,25,1,1849,2500,459,0.7376
25,25,1,1850,2500,507,0.8144
25,25,1,1851,2500,515,0.8272
25,25,1,1852,2500,431,0.6928
25,25,1,1853,2500,440,0.7072
25,25,1,1854,2500,504,0.8096
25,25,1,1855,2500,444,0.7136
25,25,1,1856,2500,489,0.7856
25,25,1,1857,2500,463,0.744
25,25,1,1858,2500,393,0.632
25,25,1,1859,2500,494,0.7936
25,25,1,1860,2500,492,0.7904
25,25,1,1861,2500,486,0.7808
25,25,1,1862,2500,408,0.656
25,25,1,1863,2500,377,0.6064
25,25,1,1864,2500,380,0.6112
25,25,1,1865,2500,379,0.6096
25,25,1,1866,2500,422,0.6784
25,25,1,1867,2500,448,0.72
25,25,1,1868,2500,516,0.8288
25,25,1,1869,2500,483,0.776
25,25,1,1870,2500,416,0.6688
25,25,1,1871,2500,466,0.7488
25,25,1,1872,2500,505,0.8112
25,25,1,1873,2500,503,0.808
25,25,1,1874,2500,507,0.8144
25,25,1,1875,2500,479,0.7696
25,25,1,1876,2500,492,0.7904
25,25,1,1877,2500,527,0.8464
25,25,1,1878,2500,487,0.7824
25,25,1,1879,2500,474,0.7616
25,25,1,1880,2500,455,0.7312
25,25,1,1881,2500,398,0.64
25,25,1,1882,2500,479,0.7696
25,25,1,1883,2500,454,0.7296
25,25,1,1884,2500,436,0.7008
25,25,1,1885,2500,470,0.7552
25,25,1,1886,2500,500,0.8032
25,25,1,1887,2500,493,0.792
25,25,1,1888,2500,493,0.792
25,25,1,1889,2500,428,0.688
25,25,1,1890,2500,483,0.776
25,25,1,1891,2500,520,0.8352
25,25,1,1892,2500,489,0.7856
25,25,1,1893,2500,447,0.7184
25,25,1,1894,2500,425,0.6832
25,25,1,1895,2500,422,0.6784
25,25,1,1896,2500,497,0.7984
25,25,1,1897,2500,435,0.6992
25,25,1,1898,2500,403,0.648
25,25,1,1899,2500,475,0.7632
25,25,1,1900,2500,457,0.7344
25,25,1,1901,2500,482,0.7744
25,25,1,1902,2500,403,0.648
25,25,1,1903,2500,385,0.6192
25,25,1,1904,2500,487,0.7824
25,25,1,1905,2500,422,0.6784
25,25,1,1906,2500,519,0.8336
25,25,1,1907,2500,528,0.848
25,25,1,1908,2500,449,0.7216
25,25,1,1909,2500,512,0.8224
25,25,1,1910,2500,479,0.7696
25,25,1,1911,2500,401,0.6448
25,25,1,1912,2500,444,0.7136
25,25,1,1913,2500,523,0.84
25,25,1,1914,2500,486,0.7808
25,25,1,1915,2500,479,0.7696
25,25,1,1916,2500,472,0.7584
25,25,1,1917,2500,423,0.68
25,25,1,1918,2500,486,0.7808
25,25,1,1919,2500,507,0.8144
25,25,1,1920,2500,508,0.816
25,25,1,1921,2500,494,0.7936
25,25,1,1922,2500,462,0.7424
25,25,1,1923,2500,494,0.7936
25,25,1,1924,2500,453,0.728
25,25,1,1925,2500,379,0.6096
25,25,1,1926,2500,388,0.624
25,25,1,1927,2500,415,0.6672
25,25,1,1928,2500,482,0.7744
25,25,1,1929,2500,468,0.752
25,25,1,1930,2500,517,0.8304
25,25,1,1931,2500,537,0.8624
25,25,1,1932,2500,389,0.6256
25,25,1,1933,2500,382,0.6144
25,25,1,1934,2500,462,0.7424
25,25,1,1935,2500,487,0.7824
25,25,1,1936,2500,408,0.656
25,25,1,1937,2500,461,0.7408
25,25,1,1938,2500,321,0.5168
25,25,1,1939,2500,481,0.7728
25,25,1,1940,2500,485,0.7792
25,25,1,1941,2500,410,0.6592
25,25,1,1942,2500,429,0.6896
25,25,1,1943,2500,473,0.76
25,25,1,1944,2500,506,0.8128
25,25,1,1945,2500,469,0.7536
25,25,1,1946,2500,504,0.8096
25,25,1,1947,2500,379,0.6096
25,25,1,1948,2500,486,0.7808
25,25,1,1949,2500,519,0.8336
25,25,1,1950,2500,515,0.8272
25,25,1,1951,2500,440,0.7072
25,25,1,1952,2500,432,0.6944
25,25,1,1953,2500,490,0.7872
25,25,1,1954,2500,487,0.7824
25,25,1,1955,2500,489,0.7856
25,25,1,1956,2500,462,0.7424
25,25,1,1957,2500,434,0.6976
25,25,1,1958,2500,412,0.6624
25,25,1,1959,2500,431,0.6928
25,25,1,1960,2500,484,0.7776
25,25,1,1961,2500,430,0.6912
25,25,1,1962,2500,477,0.7664
25,25,1,1963,2500,485,0.7792
25,25,1,1964,2500,465,0.7472
25,25,1,1965,2500,515,0.8272
25,25,1,1966,2500,526,0.8448
25,25,1,1967,2500,424,0.6816
25,25,1,1968,2500,493,0.792
25,25,1,1969,2500,449,0.7216
25,25,1,1970,2500,487,0.7824
25,25,1,1971,2500,517,0.8304
25,25,1,1972,2500,438,0.704
25,25,1,1973,2500,523,0.84
25,25,1,1974,2500,403,0.648
25,25,1,1975,2500,508,0.816
25,25,1,1976,2500,465,0.7472
25,25,1,1977,2500,477,0.7664
25,25,1,1978,2500,432,0.6944
25,25,1,1979,2500,471,0.7568
25,25,1,1980,2500,462,0.7424
25,25,1,1981,2500,490,0.7872
25,25,1,1982,2500,470,0.7552
25,25,1,1983,2500,434,0.6976
25,25,1,1984,2500,456,0.7328
25,25,1,1985,2500,458,0.736
25,25,1,1986,2500,486,0.7808
25,25,1,1987,2500,493,0.792
25,25,1,1988,2500,496,0.7968
25,25,1,1989,2500,469,0.7536
25,25,1,1990,2500,488,0.784
25,25,1,1991,2500,458,0.736
25,25,1,1992,2500,494,0.7936
25,25,1,1993,2500,489,0.7856
25,25,1,1994,2500,498,0.8
25,25,1,1995,2500,513,0.824
25,25,1,1996,2500,470,0.7552
25,25,1,1997,2500,400,0.6432
25,25,1,1998,2500,386,0.6208
25,25,1,1999,2500,458,0.736
25,25,1,2000,2500,437,0.7024
